timestamp,open,high,low,close,volume
2026-01-01 23:00:00+00:00,6901.0,6903.25,6897.0,6898.25,2834.0
2026-01-01 23:05:00+00:00,6898.5,6902.0,6898.0,6902.0,970.0
2026-01-01 23:10:00+00:00,6901.75,6903.5,6899.75,6901.25,1534.0
2026-01-01 23:15:00+00:00,6901.25,6903.25,6900.75,6901.25,882.0
2026-01-01 23:20:00+00:00,6901.25,6902.75,6900.75,6902.75,509.0
2026-01-01 23:25:00+00:00,6902.75,6904.0,6901.25,6901.5,757.0
2026-01-01 23:30:00+00:00,6901.5,6905.0,6900.25,6903.5,1223.0
2026-01-01 23:35:00+00:00,6903.5,6904.5,6903.0,6903.5,304.0
2026-01-01 23:40:00+00:00,6903.25,6903.25,6901.5,6902.5,769.0
2026-01-01 23:45:00+00:00,6902.5,6904.75,6902.0,6903.5,744.0
2026-01-01 23:50:00+00:00,6903.75,6903.75,6902.25,6902.25,287.0
2026-01-01 23:55:00+00:00,6902.5,6903.0,6901.5,6902.75,252.0
2026-01-02 00:00:00+00:00,6903.0,6903.0,6900.25,6902.5,664.0
2026-01-02 00:05:00+00:00,6902.25,6903.75,6898.0,6899.0,1249.0
2026-01-02 00:10:00+00:00,6899.0,6901.75,6898.75,6900.25,579.0
2026-01-02 00:15:00+00:00,6900.25,6902.5,6899.5,6902.5,604.0
2026-01-02 00:20:00+00:00,6902.5,6904.25,6902.5,6903.5,549.0
2026-01-02 00:25:00+00:00,6903.75,6904.75,6903.0,6904.25,309.0
2026-01-02 00:30:00+00:00,6904.25,6904.5,6903.5,6904.25,517.0
2026-01-02 00:35:00+00:00,6904.0,6904.5,6902.25,6903.0,455.0
2026-01-02 00:40:00+00:00,6903.0,6903.0,6901.5,6902.75,323.0
2026-01-02 00:45:00+00:00,6902.75,6904.0,6902.0,6902.25,340.0
2026-01-02 00:50:00+00:00,6902.0,6903.5,6901.75,6903.5,219.0
2026-01-02 00:55:00+00:00,6903.5,6905.0,6903.25,6904.75,367.0
2026-01-02 01:00:00+00:00,6904.75,6907.0,6904.5,6906.75,1092.0
2026-01-02 01:05:00+00:00,6907.0,6908.75,6906.75,6908.0,953.0
2026-01-02 01:10:00+00:00,6908.0,6911.0,6908.0,6909.75,1416.0
2026-01-02 01:15:00+00:00,6910.0,6910.75,6909.25,6909.5,693.0
2026-01-02 01:20:00+00:00,6909.25,6909.75,6907.5,6908.0,859.0
2026-01-02 01:25:00+00:00,6907.75,6910.25,6907.75,6910.0,728.0
2026-01-02 01:30:00+00:00,6909.75,6912.5,6909.75,6912.25,989.0
2026-01-02 01:35:00+00:00,6912.25,6912.75,6911.5,6912.0,612.0
2026-01-02 01:40:00+00:00,6912.0,6913.0,6912.0,6912.5,500.0
2026-01-02 01:45:00+00:00,6912.75,6913.0,6912.0,6913.0,351.0
2026-01-02 01:50:00+00:00,6912.75,6913.5,6912.0,6912.25,566.0
2026-01-02 01:55:00+00:00,6912.0,6913.25,6911.5,6913.0,483.0
2026-01-02 02:00:00+00:00,6913.25,6915.0,6913.0,6914.75,861.0
2026-01-02 02:05:00+00:00,6914.75,6916.0,6914.25,6915.0,877.0
2026-01-02 02:10:00+00:00,6915.25,6916.25,6914.25,6916.25,841.0
2026-01-02 02:15:00+00:00,6916.0,6916.5,6915.25,6915.5,492.0
2026-01-02 02:20:00+00:00,6915.5,6917.25,6915.25,6916.5,700.0
2026-01-02 02:25:00+00:00,6916.75,6918.0,6916.5,6917.5,634.0
2026-01-02 02:30:00+00:00,6917.25,6917.75,6916.25,6917.25,505.0
2026-01-02 02:35:00+00:00,6917.25,6918.25,6917.0,6917.75,429.0
2026-01-02 02:40:00+00:00,6917.5,6918.25,6917.0,6917.25,463.0
2026-01-02 02:45:00+00:00,6917.75,6918.25,6917.0,6918.0,248.0
2026-01-02 02:50:00+00:00,6918.25,6920.0,6918.0,6919.25,1292.0
2026-01-02 02:55:00+00:00,6919.25,6920.0,6919.0,6919.25,359.0
2026-01-02 03:00:00+00:00,6919.0,6919.75,6918.5,6919.0,382.0
2026-01-02 03:05:00+00:00,6919.25,6919.5,6918.25,6919.0,438.0
2026-01-02 03:10:00+00:00,6919.0,6920.25,6918.75,6919.5,259.0
2026-01-02 03:15:00+00:00,6919.25,6919.5,6918.5,6919.5,230.0
2026-01-02 03:20:00+00:00,6919.5,6920.0,6919.25,6919.75,285.0
2026-01-02 03:25:00+00:00,6919.75,6920.25,6919.5,6920.25,370.0
2026-01-02 03:30:00+00:00,6920.5,6920.75,6919.0,6919.75,639.0
2026-01-02 03:35:00+00:00,6919.5,6921.25,6919.0,6921.25,616.0
2026-01-02 03:40:00+00:00,6921.25,6923.0,6921.0,6922.5,1059.0
2026-01-02 03:45:00+00:00,6922.25,6923.0,6921.5,6922.75,420.0
2026-01-02 03:50:00+00:00,6922.75,6923.5,6922.5,6922.75,478.0
2026-01-02 03:55:00+00:00,6923.0,6923.5,6922.5,6923.5,228.0
2026-01-02 04:00:00+00:00,6923.5,6923.75,6922.25,6922.75,599.0
2026-01-02 04:05:00+00:00,6923.0,6923.75,6922.5,6923.25,274.0
2026-01-02 04:10:00+00:00,6923.5,6924.25,6923.5,6923.5,516.0
2026-01-02 04:15:00+00:00,6923.5,6924.25,6923.25,6923.75,242.0
2026-01-02 04:20:00+00:00,6924.0,6924.25,6923.5,6924.0,267.0
2026-01-02 04:25:00+00:00,6924.25,6924.75,6922.25,6923.25,668.0
2026-01-02 04:30:00+00:00,6923.25,6923.75,6922.0,6922.0,397.0
2026-01-02 04:35:00+00:00,6922.0,6923.25,6921.5,6922.5,532.0
2026-01-02 04:40:00+00:00,6922.75,6923.75,6922.5,6923.5,488.0
2026-01-02 04:45:00+00:00,6923.5,6923.5,6922.5,6923.0,175.0
2026-01-02 04:50:00+00:00,6923.0,6923.75,6922.5,6922.75,198.0
2026-01-02 04:55:00+00:00,6922.75,6922.75,6921.75,6922.25,337.0
2026-01-02 05:00:00+00:00,6922.25,6922.5,6920.25,6920.75,666.0
2026-01-02 05:05:00+00:00,6921.0,6923.0,6920.25,6922.0,602.0
2026-01-02 05:10:00+00:00,6922.0,6922.25,6921.5,6921.75,284.0
2026-01-02 05:15:00+00:00,6921.75,6923.0,6921.75,6922.75,359.0
2026-01-02 05:20:00+00:00,6922.75,6923.5,6922.5,6923.5,352.0
2026-01-02 05:25:00+00:00,6923.25,6923.5,6922.5,6923.25,223.0
2026-01-02 05:30:00+00:00,6923.5,6923.5,6922.75,6923.0,153.0
2026-01-02 05:35:00+00:00,6923.25,6923.25,6922.75,6923.0,228.0
2026-01-02 05:40:00+00:00,6923.0,6923.25,6922.25,6922.5,272.0
2026-01-02 05:45:00+00:00,6922.75,6923.5,6922.75,6923.5,160.0
2026-01-02 05:50:00+00:00,6923.25,6924.25,6923.25,6924.25,434.0
2026-01-02 05:55:00+00:00,6924.0,6924.75,6924.0,6924.25,466.0
2026-01-02 06:00:00+00:00,6924.0,6925.5,6923.75,6925.25,736.0
2026-01-02 06:05:00+00:00,6925.0,6925.75,6924.5,6925.5,472.0
2026-01-02 06:10:00+00:00,6925.25,6925.75,6925.0,6925.25,367.0
2026-01-02 06:15:00+00:00,6925.25,6925.75,6925.0,6925.5,257.0
2026-01-02 06:20:00+00:00,6925.5,6925.75,6925.25,6925.25,122.0
2026-01-02 06:25:00+00:00,6925.5,6925.75,6925.0,6925.0,150.0
2026-01-02 06:30:00+00:00,6925.25,6925.25,6924.25,6924.5,303.0
2026-01-02 06:35:00+00:00,6924.5,6925.0,6924.25,6924.5,125.0
2026-01-02 06:40:00+00:00,6924.75,6925.5,6924.75,6925.5,230.0
2026-01-02 06:45:00+00:00,6925.5,6925.5,6923.75,6924.0,361.0
2026-01-02 06:50:00+00:00,6924.0,6924.75,6924.0,6924.5,162.0
2026-01-02 06:55:00+00:00,6924.75,6924.75,6923.5,6923.5,269.0
2026-01-02 07:00:00+00:00,6923.5,6924.75,6923.25,6923.5,589.0
2026-01-02 07:05:00+00:00,6923.5,6923.75,6922.75,6923.0,693.0
2026-01-02 07:10:00+00:00,6922.75,6923.0,6921.0,6921.0,633.0
2026-01-02 07:15:00+00:00,6921.0,6922.0,6920.5,6920.75,617.0
2026-01-02 07:20:00+00:00,6920.75,6922.25,6920.5,6922.0,389.0
2026-01-02 07:25:00+00:00,6922.0,6923.5,6921.5,6922.5,558.0
2026-01-02 07:30:00+00:00,6922.5,6923.25,6921.5,6921.75,270.0
2026-01-02 07:35:00+00:00,6921.75,6922.75,6921.75,6922.75,200.0
2026-01-02 07:40:00+00:00,6922.5,6923.25,6922.5,6922.75,209.0
2026-01-02 07:45:00+00:00,6922.75,6923.0,6920.75,6921.5,248.0
2026-01-02 07:50:00+00:00,6921.25,6922.0,6920.75,6921.75,320.0
2026-01-02 07:55:00+00:00,6921.75,6923.0,6921.5,6921.75,423.0
2026-01-02 08:00:00+00:00,6921.75,6924.5,6921.75,6923.75,1004.0
2026-01-02 08:05:00+00:00,6923.75,6925.0,6923.5,6924.75,788.0
2026-01-02 08:10:00+00:00,6924.75,6928.75,6924.75,6928.0,1834.0
2026-01-02 08:15:00+00:00,6928.0,6928.75,6927.25,6928.25,1067.0
2026-01-02 08:20:00+00:00,6928.25,6929.75,6926.5,6926.5,1318.0
2026-01-02 08:25:00+00:00,6926.5,6929.75,6925.75,6927.25,896.0
2026-01-02 08:30:00+00:00,6927.25,6928.5,6925.25,6928.25,650.0
2026-01-02 08:35:00+00:00,6928.0,6928.0,6927.25,6927.75,380.0
2026-01-02 08:40:00+00:00,6928.0,6929.5,6927.5,6929.0,375.0
2026-01-02 08:45:00+00:00,6929.25,6930.5,6928.75,6930.0,863.0
2026-01-02 08:50:00+00:00,6930.0,6932.25,6929.25,6931.25,1386.0
2026-01-02 08:55:00+00:00,6931.25,6932.75,6930.25,6931.0,790.0
2026-01-02 09:00:00+00:00,6931.0,6934.75,6930.5,6933.25,1578.0
2026-01-02 09:05:00+00:00,6933.0,6935.75,6932.75,6935.0,1354.0
2026-01-02 09:10:00+00:00,6934.75,6937.25,6934.75,6936.5,1563.0
2026-01-02 09:15:00+00:00,6936.5,6936.75,6933.25,6935.5,920.0
2026-01-02 09:20:00+00:00,6935.5,6936.5,6933.75,6934.0,561.0
2026-01-02 09:25:00+00:00,6934.25,6936.75,6933.25,6936.75,509.0
2026-01-02 09:30:00+00:00,6936.75,6936.75,6934.75,6935.0,654.0
2026-01-02 09:35:00+00:00,6935.25,6936.25,6934.75,6936.25,386.0
2026-01-02 09:40:00+00:00,6936.5,6937.5,6936.25,6936.75,451.0
2026-01-02 09:45:00+00:00,6937.0,6937.25,6935.25,6935.5,450.0
2026-01-02 09:50:00+00:00,6935.75,6936.75,6935.0,6936.75,363.0
2026-01-02 09:55:00+00:00,6936.5,6938.0,6935.5,6937.25,548.0
2026-01-02 10:00:00+00:00,6937.25,6937.75,6935.25,6936.5,652.0
2026-01-02 10:05:00+00:00,6936.25,6936.75,6934.75,6935.5,566.0
2026-01-02 10:10:00+00:00,6935.75,6937.75,6935.5,6935.75,536.0
2026-01-02 10:15:00+00:00,6935.75,6938.5,6935.75,6936.25,844.0
2026-01-02 10:20:00+00:00,6936.75,6937.0,6933.25,6933.5,791.0
2026-01-02 10:25:00+00:00,6933.75,6934.25,6932.75,6933.25,803.0
2026-01-02 10:30:00+00:00,6933.5,6933.5,6930.75,6931.25,743.0
2026-01-02 10:35:00+00:00,6931.25,6932.5,6931.0,6932.0,392.0
2026-01-02 10:40:00+00:00,6932.0,6934.0,6932.0,6933.5,378.0
2026-01-02 10:45:00+00:00,6933.5,6937.0,6933.5,6936.5,887.0
2026-01-02 10:50:00+00:00,6936.75,6937.0,6935.25,6935.75,415.0
2026-01-02 10:55:00+00:00,6936.0,6936.5,6935.25,6935.75,288.0
2026-01-02 11:00:00+00:00,6936.0,6938.0,6935.5,6937.0,628.0
2026-01-02 11:05:00+00:00,6936.75,6937.25,6936.0,6936.25,372.0
2026-01-02 11:10:00+00:00,6936.25,6936.75,6935.5,6936.25,439.0
2026-01-02 11:15:00+00:00,6936.0,6936.5,6933.75,6934.0,841.0
2026-01-02 11:20:00+00:00,6934.0,6934.5,6933.0,6933.5,528.0
2026-01-02 11:25:00+00:00,6933.5,6933.75,6932.0,6932.75,669.0
2026-01-02 11:30:00+00:00,6932.5,6934.0,6932.5,6933.75,466.0
2026-01-02 11:35:00+00:00,6934.0,6935.0,6933.25,6933.5,640.0
2026-01-02 11:40:00+00:00,6933.25,6935.0,6933.25,6934.25,267.0
2026-01-02 11:45:00+00:00,6934.5,6934.75,6933.75,6934.25,399.0
2026-01-02 11:50:00+00:00,6934.25,6934.75,6932.5,6932.5,378.0
2026-01-02 11:55:00+00:00,6932.75,6933.5,6932.0,6933.25,543.0
2026-01-02 12:00:00+00:00,6933.0,6933.5,6929.75,6930.75,1483.0
2026-01-02 12:05:00+00:00,6930.75,6931.5,6930.0,6930.25,498.0
2026-01-02 12:10:00+00:00,6930.0,6930.0,6928.0,6929.5,1133.0
2026-01-02 12:15:00+00:00,6929.75,6931.25,6929.5,6930.75,760.0
2026-01-02 12:20:00+00:00,6930.5,6931.0,6929.25,6929.5,597.0
2026-01-02 12:25:00+00:00,6929.75,6931.25,6929.5,6930.75,431.0
2026-01-02 12:30:00+00:00,6930.75,6933.0,6930.5,6931.0,1024.0
2026-01-02 12:35:00+00:00,6931.0,6931.0,6929.25,6930.75,625.0
2026-01-02 12:40:00+00:00,6930.75,6933.25,6929.75,6932.0,675.0
2026-01-02 12:45:00+00:00,6932.25,6932.75,6931.0,6931.25,399.0
2026-01-02 12:50:00+00:00,6931.5,6931.75,6930.25,6931.25,479.0
2026-01-02 12:55:00+00:00,6931.0,6931.75,6930.0,6931.25,452.0
2026-01-02 13:00:00+00:00,6931.25,6931.5,6930.25,6930.75,532.0
2026-01-02 13:05:00+00:00,6931.0,6931.0,6929.0,6930.0,722.0
2026-01-02 13:10:00+00:00,6930.0,6931.0,6929.5,6929.75,552.0
2026-01-02 13:15:00+00:00,6930.0,6931.25,6929.25,6930.75,535.0
2026-01-02 13:20:00+00:00,6930.75,6931.25,6928.25,6928.75,1024.0
2026-01-02 13:25:00+00:00,6928.75,6929.5,6927.75,6929.0,673.0
2026-01-02 13:30:00+00:00,6928.75,6929.25,6926.5,6927.75,1361.0
2026-01-02 13:35:00+00:00,6927.5,6929.5,6927.0,6927.5,1274.0
2026-01-02 13:40:00+00:00,6927.75,6929.75,6927.0,6929.25,792.0
2026-01-02 13:45:00+00:00,6929.0,6930.5,6927.0,6927.25,1127.0
2026-01-02 13:50:00+00:00,6927.0,6927.5,6926.0,6926.75,1200.0
2026-01-02 13:55:00+00:00,6926.5,6929.5,6925.75,6928.5,1509.0
2026-01-02 14:00:00+00:00,6928.25,6931.25,6927.75,6931.0,2234.0
2026-01-02 14:05:00+00:00,6931.25,6931.5,6928.0,6929.25,1984.0
2026-01-02 14:10:00+00:00,6929.5,6929.75,6926.5,6927.25,1610.0
2026-01-02 14:15:00+00:00,6927.0,6927.75,6925.75,6926.0,1486.0
2026-01-02 14:20:00+00:00,6925.75,6927.75,6923.75,6927.25,3232.0
2026-01-02 14:25:00+00:00,6927.25,6930.25,6926.25,6927.75,4527.0
2026-01-02 14:30:00+00:00,6927.75,6932.5,6915.5,6918.25,28437.0
2026-01-02 14:35:00+00:00,6918.25,6922.75,6913.25,6915.25,22619.0
2026-01-02 14:40:00+00:00,6915.5,6920.75,6911.5,6919.5,18554.0
2026-01-02 14:45:00+00:00,6919.75,6934.5,6918.0,6931.0,29156.0
2026-01-02 14:50:00+00:00,6931.0,6939.25,6929.75,6932.75,22209.0
2026-01-02 14:55:00+00:00,6932.75,6935.5,6930.25,6932.75,10472.0
2026-01-02 15:00:00+00:00,6932.75,6939.75,6932.75,6935.25,18165.0
2026-01-02 15:05:00+00:00,6935.0,6935.5,6927.5,6928.25,17153.0
2026-01-02 15:10:00+00:00,6928.25,6930.5,6911.25,6913.75,28922.0
2026-01-02 15:15:00+00:00,6913.5,6914.25,6904.5,6908.25,27294.0
2026-01-02 15:20:00+00:00,6908.5,6908.75,6889.5,6890.5,33045.0
2026-01-02 15:25:00+00:00,6890.5,6895.5,6885.0,6894.0,29489.0
2026-01-02 15:30:00+00:00,6893.75,6905.75,6890.25,6904.75,25708.0
2026-01-02 15:35:00+00:00,6904.75,6909.25,6899.25,6906.5,21733.0
2026-01-02 15:40:00+00:00,6906.5,6915.75,6905.0,6911.25,26053.0
2026-01-02 15:45:00+00:00,6911.25,6914.25,6902.5,6903.0,22361.0
2026-01-02 15:50:00+00:00,6903.0,6905.0,6889.25,6899.5,26660.0
2026-01-02 15:55:00+00:00,6899.25,6903.0,6880.25,6883.75,33100.0
2026-01-02 16:00:00+00:00,6884.0,6885.0,6877.25,6879.75,31465.0
2026-01-02 16:05:00+00:00,6879.5,6884.5,6876.0,6883.5,25124.0
2026-01-02 16:10:00+00:00,6883.25,6887.75,6873.25,6887.5,29573.0
2026-01-02 16:15:00+00:00,6887.5,6892.75,6881.75,6885.25,26542.0
2026-01-02 16:20:00+00:00,6885.0,6892.5,6881.0,6891.25,18324.0
2026-01-02 16:25:00+00:00,6891.25,6893.5,6887.0,6887.25,16642.0
2026-01-02 16:30:00+00:00,6887.25,6895.25,6884.5,6893.25,18670.0
2026-01-02 16:35:00+00:00,6893.25,6895.75,6887.0,6888.0,16228.0
2026-01-02 16:40:00+00:00,6888.0,6889.0,6883.0,6883.25,15454.0
2026-01-02 16:45:00+00:00,6883.25,6885.5,6880.25,6882.25,16749.0
2026-01-02 16:50:00+00:00,6882.0,6883.75,6871.25,6874.0,19302.0
2026-01-02 16:55:00+00:00,6874.25,6880.75,6873.0,6880.25,14503.0
2026-01-02 17:00:00+00:00,6880.0,6882.0,6875.0,6877.25,15671.0
2026-01-02 17:05:00+00:00,6877.25,6883.5,6877.25,6880.25,11085.0
2026-01-02 17:10:00+00:00,6880.25,6892.75,6880.0,6892.0,14672.0
2026-01-02 17:15:00+00:00,6892.25,6894.25,6890.25,6890.75,10370.0
2026-01-02 17:20:00+00:00,6890.25,6893.75,6889.5,6890.75,9459.0
2026-01-02 17:25:00+00:00,6890.5,6893.75,6887.75,6893.75,8484.0
2026-01-02 17:30:00+00:00,6893.75,6897.25,6890.0,6891.25,11300.0
2026-01-02 17:35:00+00:00,6891.25,6893.0,6886.75,6889.0,7724.0
2026-01-02 17:40:00+00:00,6888.75,6891.0,6886.0,6889.0,6769.0
2026-01-02 17:45:00+00:00,6889.0,6892.0,6878.5,6880.25,11642.0
2026-01-02 17:50:00+00:00,6880.25,6883.75,6878.5,6882.75,8902.0
2026-01-02 17:55:00+00:00,6882.5,6885.5,6878.75,6880.75,9164.0
2026-01-02 18:00:00+00:00,6880.5,6884.5,6879.5,6882.25,5833.0
2026-01-02 18:05:00+00:00,6882.25,6883.0,6876.25,6878.75,6933.0
2026-01-02 18:10:00+00:00,6878.75,6881.75,6876.25,6877.0,5386.0
2026-01-02 18:15:00+00:00,6876.75,6884.0,6875.0,6882.75,7083.0
2026-01-02 18:20:00+00:00,6882.75,6886.75,6879.5,6880.25,7347.0
2026-01-02 18:25:00+00:00,6880.0,6881.25,6876.75,6878.5,5787.0
2026-01-02 18:30:00+00:00,6878.5,6879.75,6876.5,6877.75,3933.0
2026-01-02 18:35:00+00:00,6878.0,6882.5,6876.0,6879.5,5304.0
2026-01-02 18:40:00+00:00,6879.25,6880.25,6876.0,6879.75,4550.0
2026-01-02 18:45:00+00:00,6880.0,6882.25,6869.25,6870.5,10770.0
2026-01-02 18:50:00+00:00,6870.5,6874.5,6866.5,6873.75,12802.0
2026-01-02 18:55:00+00:00,6874.0,6874.0,6869.25,6873.75,7033.0
2026-01-02 19:00:00+00:00,6873.75,6879.25,6871.75,6878.75,10068.0
2026-01-02 19:05:00+00:00,6878.75,6885.5,6878.5,6884.75,10923.0
2026-01-02 19:10:00+00:00,6884.5,6894.25,6882.5,6892.5,13145.0
2026-01-02 19:15:00+00:00,6892.5,6894.75,6889.25,6890.25,10706.0
2026-01-02 19:20:00+00:00,6890.25,6897.75,6887.75,6897.75,9643.0
2026-01-02 19:25:00+00:00,6897.5,6900.25,6894.5,6898.25,9532.0
2026-01-02 19:30:00+00:00,6898.25,6906.0,6897.75,6904.75,12044.0
2026-01-02 19:35:00+00:00,6905.0,6907.5,6901.75,6905.25,8974.0
2026-01-02 19:40:00+00:00,6905.25,6908.5,6904.0,6904.5,8314.0
2026-01-02 19:45:00+00:00,6904.5,6906.75,6902.5,6905.75,7698.0
2026-01-02 19:50:00+00:00,6906.0,6906.25,6901.0,6904.0,7345.0
2026-01-02 19:55:00+00:00,6904.0,6905.0,6898.0,6900.5,7957.0
2026-01-02 20:00:00+00:00,6900.5,6905.25,6897.75,6902.75,7628.0
2026-01-02 20:05:00+00:00,6902.5,6904.5,6900.25,6902.5,6040.0
2026-01-02 20:10:00+00:00,6902.25,6905.75,6900.75,6901.0,7133.0
2026-01-02 20:15:00+00:00,6901.0,6905.5,6899.5,6904.75,5878.0
2026-01-02 20:20:00+00:00,6905.0,6906.0,6901.75,6902.25,5528.0
2026-01-02 20:25:00+00:00,6902.5,6903.75,6899.0,6901.25,4829.0
2026-01-02 20:30:00+00:00,6901.25,6903.0,6898.5,6899.5,5703.0
2026-01-02 20:35:00+00:00,6899.25,6903.25,6899.0,6899.5,4688.0
2026-01-02 20:40:00+00:00,6899.5,6899.75,6894.5,6895.25,6864.0
2026-01-02 20:45:00+00:00,6895.0,6896.25,6889.25,6891.5,12100.0
2026-01-02 20:50:00+00:00,6891.25,6899.25,6890.0,6893.25,17453.0
2026-01-02 20:55:00+00:00,6893.0,6902.5,6890.75,6900.25,28450.0
2026-01-02 21:00:00+00:00,6900.5,6905.5,6900.0,6902.0,11767.0
2026-01-02 21:05:00+00:00,6902.0,6904.25,6901.75,6903.5,2227.0
2026-01-02 21:10:00+00:00,6903.75,6904.25,6900.25,6903.0,2694.0
2026-01-02 21:15:00+00:00,6903.0,6903.75,6901.75,6902.5,874.0
2026-01-02 21:20:00+00:00,6902.25,6903.0,6902.0,6903.0,831.0
2026-01-02 21:25:00+00:00,6903.0,6903.25,6902.5,6902.75,637.0
2026-01-02 21:30:00+00:00,6903.0,6903.25,6902.25,6902.75,670.0
2026-01-02 21:35:00+00:00,6902.75,6903.0,6901.5,6901.75,714.0
2026-01-02 21:40:00+00:00,6901.75,6901.75,6901.25,6901.25,659.0
2026-01-02 21:45:00+00:00,6901.5,6901.75,6900.0,6900.0,1032.0
2026-01-02 21:50:00+00:00,6899.75,6899.75,6897.75,6899.25,884.0
2026-01-02 21:55:00+00:00,6899.25,6901.25,6898.5,6900.75,880.0
2026-01-04 23:00:00+00:00,6911.25,6914.5,6904.5,6907.0,4173.0
2026-01-04 23:05:00+00:00,6906.75,6907.5,6900.5,6904.5,2793.0
2026-01-04 23:10:00+00:00,6904.5,6905.75,6899.25,6902.75,2242.0
2026-01-04 23:15:00+00:00,6902.75,6906.75,6902.5,6904.5,1735.0
2026-01-04 23:20:00+00:00,6904.5,6908.5,6904.25,6907.25,1718.0
2026-01-04 23:25:00+00:00,6907.75,6909.5,6907.0,6908.0,1600.0
2026-01-04 23:30:00+00:00,6908.0,6908.25,6903.0,6906.5,1983.0
2026-01-04 23:35:00+00:00,6906.75,6907.25,6905.25,6905.75,977.0
2026-01-04 23:40:00+00:00,6905.5,6906.0,6903.0,6903.0,1208.0
2026-01-04 23:45:00+00:00,6903.25,6904.75,6900.5,6904.25,2257.0
2026-01-04 23:50:00+00:00,6904.5,6907.0,6903.75,6905.75,1014.0
2026-01-04 23:55:00+00:00,6905.75,6907.75,6905.5,6907.25,539.0
2026-01-05 00:00:00+00:00,6907.25,6910.0,6905.75,6909.0,2237.0
2026-01-05 00:05:00+00:00,6908.75,6909.75,6905.0,6906.25,1639.0
2026-01-05 00:10:00+00:00,6905.75,6906.25,6903.5,6905.0,1048.0
2026-01-05 00:15:00+00:00,6905.0,6910.5,6904.5,6908.5,1595.0
2026-01-05 00:20:00+00:00,6908.75,6910.5,6907.5,6909.75,979.0
2026-01-05 00:25:00+00:00,6909.75,6909.75,6907.75,6909.0,726.0
2026-01-05 00:30:00+00:00,6909.0,6909.5,6907.25,6908.0,658.0
2026-01-05 00:35:00+00:00,6908.0,6908.25,6902.5,6904.25,1395.0
2026-01-05 00:40:00+00:00,6904.25,6905.75,6903.0,6905.25,865.0
2026-01-05 00:45:00+00:00,6905.25,6907.5,6905.25,6906.5,941.0
2026-01-05 00:50:00+00:00,6906.75,6908.25,6905.75,6907.5,575.0
2026-01-05 00:55:00+00:00,6907.0,6908.75,6906.75,6908.0,473.0
2026-01-05 01:00:00+00:00,6908.0,6912.25,6907.5,6908.0,2929.0
2026-01-05 01:05:00+00:00,6908.0,6910.25,6906.25,6909.25,1347.0
2026-01-05 01:10:00+00:00,6909.25,6909.75,6907.25,6909.0,751.0
2026-01-05 01:15:00+00:00,6909.25,6909.5,6906.75,6907.75,934.0
2026-01-05 01:20:00+00:00,6907.5,6909.5,6906.0,6908.25,991.0
2026-01-05 01:25:00+00:00,6908.25,6909.5,6907.25,6909.5,460.0
2026-01-05 01:30:00+00:00,6909.25,6909.75,6908.25,6908.75,502.0
2026-01-05 01:35:00+00:00,6908.5,6912.25,6908.5,6911.5,1183.0
2026-01-05 01:40:00+00:00,6911.75,6912.0,6910.25,6910.75,577.0
2026-01-05 01:45:00+00:00,6910.5,6911.25,6908.25,6909.0,973.0
2026-01-05 01:50:00+00:00,6909.0,6910.25,6907.25,6909.75,824.0
2026-01-05 01:55:00+00:00,6909.75,6910.0,6908.5,6908.5,387.0
2026-01-05 02:00:00+00:00,6908.75,6912.75,6908.75,6912.0,1162.0
2026-01-05 02:05:00+00:00,6912.0,6912.5,6911.25,6912.25,561.0
2026-01-05 02:10:00+00:00,6912.0,6912.25,6910.25,6910.5,517.0
2026-01-05 02:15:00+00:00,6910.75,6911.75,6910.5,6910.75,306.0
2026-01-05 02:20:00+00:00,6910.75,6911.25,6909.5,6910.25,347.0
2026-01-05 02:25:00+00:00,6910.25,6910.5,6909.25,6910.0,441.0
2026-01-05 02:30:00+00:00,6910.25,6910.75,6909.0,6910.75,379.0
2026-01-05 02:35:00+00:00,6910.5,6911.0,6909.0,6910.0,561.0
2026-01-05 02:40:00+00:00,6909.75,6910.5,6908.25,6910.5,693.0
2026-01-05 02:45:00+00:00,6910.25,6912.75,6910.25,6912.0,753.0
2026-01-05 02:50:00+00:00,6912.25,6912.75,6911.25,6912.5,519.0
2026-01-05 02:55:00+00:00,6912.25,6912.5,6911.0,6911.5,391.0
2026-01-05 03:00:00+00:00,6911.25,6911.75,6910.25,6911.75,417.0
2026-01-05 03:05:00+00:00,6911.5,6912.25,6911.25,6911.75,297.0
2026-01-05 03:10:00+00:00,6911.75,6911.75,6910.5,6910.5,476.0
2026-01-05 03:15:00+00:00,6910.5,6910.75,6909.5,6910.5,343.0
2026-01-05 03:20:00+00:00,6910.5,6911.25,6910.0,6910.25,281.0
2026-01-05 03:25:00+00:00,6910.5,6911.0,6909.75,6910.75,144.0
2026-01-05 03:30:00+00:00,6910.5,6910.5,6909.25,6909.75,342.0
2026-01-05 03:35:00+00:00,6909.75,6910.25,6909.0,6910.0,252.0
2026-01-05 03:40:00+00:00,6910.0,6910.25,6908.25,6908.5,493.0
2026-01-05 03:45:00+00:00,6908.5,6909.5,6907.5,6908.75,753.0
2026-01-05 03:50:00+00:00,6908.75,6909.0,6906.75,6907.5,512.0
2026-01-05 03:55:00+00:00,6907.5,6908.0,6907.25,6907.5,365.0
2026-01-05 04:00:00+00:00,6907.25,6907.75,6906.5,6907.0,299.0
2026-01-05 04:05:00+00:00,6907.25,6907.75,6906.75,6907.5,217.0
2026-01-05 04:10:00+00:00,6907.5,6907.5,6907.0,6907.25,184.0
2026-01-05 04:15:00+00:00,6907.0,6908.25,6906.5,6907.75,338.0
2026-01-05 04:20:00+00:00,6908.0,6909.25,6907.75,6908.0,446.0
2026-01-05 04:25:00+00:00,6908.25,6908.5,6906.25,6907.25,341.0
2026-01-05 04:30:00+00:00,6907.5,6908.75,6907.0,6908.0,244.0
2026-01-05 04:35:00+00:00,6908.0,6909.75,6908.0,6909.0,499.0
2026-01-05 04:40:00+00:00,6909.0,6911.0,6909.0,6911.0,384.0
2026-01-05 04:45:00+00:00,6911.0,6912.25,6910.75,6911.5,885.0
2026-01-05 04:50:00+00:00,6911.75,6912.25,6911.5,6911.75,318.0
2026-01-05 04:55:00+00:00,6912.0,6912.75,6911.5,6911.75,419.0
2026-01-05 05:00:00+00:00,6912.0,6912.0,6910.5,6911.75,626.0
2026-01-05 05:05:00+00:00,6911.5,6911.5,6908.5,6909.25,715.0
2026-01-05 05:10:00+00:00,6909.5,6909.5,6908.25,6908.75,268.0
2026-01-05 05:15:00+00:00,6908.5,6909.0,6907.25,6908.75,313.0
2026-01-05 05:20:00+00:00,6908.5,6910.5,6908.5,6910.0,360.0
2026-01-05 05:25:00+00:00,6909.75,6910.75,6909.75,6909.75,267.0
2026-01-05 05:30:00+00:00,6910.0,6911.0,6909.5,6911.0,283.0
2026-01-05 05:35:00+00:00,6910.75,6911.0,6909.0,6909.5,285.0
2026-01-05 05:40:00+00:00,6909.75,6911.0,6909.5,6910.5,264.0
2026-01-05 05:45:00+00:00,6910.5,6911.75,6910.0,6911.0,266.0
2026-01-05 05:50:00+00:00,6911.25,6911.5,6910.75,6910.75,183.0
2026-01-05 05:55:00+00:00,6911.0,6912.75,6911.0,6912.25,470.0
2026-01-05 06:00:00+00:00,6912.5,6913.25,6911.75,6912.5,603.0
2026-01-05 06:05:00+00:00,6912.5,6913.5,6912.25,6912.5,328.0
2026-01-05 06:10:00+00:00,6912.5,6913.0,6911.75,6912.25,497.0
2026-01-05 06:15:00+00:00,6912.5,6913.25,6912.0,6913.0,361.0
2026-01-05 06:20:00+00:00,6913.0,6913.75,6911.25,6911.5,540.0
2026-01-05 06:25:00+00:00,6911.5,6911.75,6907.75,6908.5,921.0
2026-01-05 06:30:00+00:00,6908.25,6909.0,6906.75,6908.75,1020.0
2026-01-05 06:35:00+00:00,6908.5,6910.5,6908.25,6910.25,523.0
2026-01-05 06:40:00+00:00,6910.5,6912.0,6909.75,6911.75,358.0
2026-01-05 06:45:00+00:00,6911.75,6914.0,6911.75,6913.5,802.0
2026-01-05 06:50:00+00:00,6913.75,6914.5,6913.0,6913.0,330.0
2026-01-05 06:55:00+00:00,6913.0,6915.5,6913.0,6915.25,573.0
2026-01-05 07:00:00+00:00,6915.25,6915.25,6913.5,6914.25,829.0
2026-01-05 07:05:00+00:00,6914.25,6916.0,6914.25,6914.25,432.0
2026-01-05 07:10:00+00:00,6914.5,6914.5,6911.5,6912.75,703.0
2026-01-05 07:15:00+00:00,6912.75,6912.75,6911.0,6911.25,463.0
2026-01-05 07:20:00+00:00,6911.5,6912.0,6907.75,6908.5,941.0
2026-01-05 07:25:00+00:00,6908.75,6909.0,6906.5,6908.25,918.0
2026-01-05 07:30:00+00:00,6907.75,6911.25,6907.5,6909.25,1196.0
2026-01-05 07:35:00+00:00,6909.0,6909.25,6906.5,6907.5,545.0
2026-01-05 07:40:00+00:00,6907.75,6908.25,6906.75,6907.75,477.0
2026-01-05 07:45:00+00:00,6907.5,6907.5,6906.0,6907.25,639.0
2026-01-05 07:50:00+00:00,6907.25,6910.0,6906.75,6909.75,439.0
2026-01-05 07:55:00+00:00,6909.5,6911.0,6909.5,6910.0,534.0
2026-01-05 08:00:00+00:00,6909.75,6911.5,6908.0,6910.5,1138.0
2026-01-05 08:05:00+00:00,6910.25,6910.75,6908.75,6910.0,598.0
2026-01-05 08:10:00+00:00,6910.25,6916.75,6909.75,6916.25,1959.0
2026-01-05 08:15:00+00:00,6916.25,6918.25,6915.5,6918.0,1888.0
2026-01-05 08:20:00+00:00,6918.0,6920.75,6918.0,6918.75,1578.0
2026-01-05 08:25:00+00:00,6919.0,6919.25,6916.5,6917.0,744.0
2026-01-05 08:30:00+00:00,6917.0,6919.0,6916.5,6917.5,700.0
2026-01-05 08:35:00+00:00,6917.5,6920.5,6917.5,6918.75,911.0
2026-01-05 08:40:00+00:00,6918.25,6918.5,6916.0,6917.75,818.0
2026-01-05 08:45:00+00:00,6917.75,6918.5,6916.25,6917.75,571.0
2026-01-05 08:50:00+00:00,6917.5,6918.0,6915.5,6916.5,771.0
2026-01-05 08:55:00+00:00,6916.5,6917.5,6915.5,6916.25,604.0
2026-01-05 09:00:00+00:00,6916.25,6919.25,6915.5,6918.75,826.0
2026-01-05 09:05:00+00:00,6919.25,6920.0,6917.25,6918.5,793.0
2026-01-05 09:10:00+00:00,6918.75,6919.25,6917.0,6918.25,390.0
2026-01-05 09:15:00+00:00,6918.25,6918.25,6916.25,6917.75,478.0
2026-01-05 09:20:00+00:00,6917.75,6918.5,6914.25,6914.75,809.0
2026-01-05 09:25:00+00:00,6914.75,6914.75,6912.0,6912.0,1221.0
2026-01-05 09:30:00+00:00,6911.75,6914.0,6911.75,6914.0,766.0
2026-01-05 09:35:00+00:00,6913.75,6915.5,6913.0,6914.75,602.0
2026-01-05 09:40:00+00:00,6915.25,6916.5,6913.75,6915.5,726.0
2026-01-05 09:45:00+00:00,6915.75,6916.75,6914.25,6914.5,463.0
2026-01-05 09:50:00+00:00,6914.5,6917.5,6914.5,6915.25,553.0
2026-01-05 09:55:00+00:00,6915.25,6915.25,6913.0,6914.0,673.0
2026-01-05 10:00:00+00:00,6913.75,6916.5,6913.75,6916.25,988.0
2026-01-05 10:05:00+00:00,6916.25,6918.25,6916.25,6918.25,686.0
2026-01-05 10:10:00+00:00,6918.0,6919.75,6917.0,6918.75,575.0
2026-01-05 10:15:00+00:00,6918.75,6920.25,6918.5,6919.75,655.0
2026-01-05 10:20:00+00:00,6919.75,6922.0,6919.75,6921.0,1332.0
2026-01-05 10:25:00+00:00,6921.0,6921.5,6919.0,6919.25,662.0
2026-01-05 10:30:00+00:00,6919.0,6919.25,6917.75,6918.75,736.0
2026-01-05 10:35:00+00:00,6918.5,6919.0,6917.25,6918.0,564.0
2026-01-05 10:40:00+00:00,6918.0,6919.75,6917.5,6918.0,677.0
2026-01-05 10:45:00+00:00,6918.0,6920.75,6918.0,6920.25,651.0
2026-01-05 10:50:00+00:00,6920.25,6920.5,6918.75,6920.5,451.0
2026-01-05 10:55:00+00:00,6920.75,6921.0,6919.5,6920.25,494.0
2026-01-05 11:00:00+00:00,6920.25,6921.25,6920.0,6921.0,482.0
2026-01-05 11:05:00+00:00,6920.75,6921.75,6918.25,6919.0,726.0
2026-01-05 11:10:00+00:00,6918.75,6920.0,6918.75,6919.75,405.0
2026-01-05 11:15:00+00:00,6920.0,6920.5,6919.5,6920.25,410.0
2026-01-05 11:20:00+00:00,6920.5,6922.25,6920.25,6921.25,659.0
2026-01-05 11:25:00+00:00,6921.5,6922.75,6919.0,6919.25,1103.0
2026-01-05 11:30:00+00:00,6919.25,6921.75,6919.25,6921.0,614.0
2026-01-05 11:35:00+00:00,6921.0,6922.5,6920.5,6921.75,746.0
2026-01-05 11:40:00+00:00,6921.75,6922.75,6920.25,6921.0,1133.0
2026-01-05 11:45:00+00:00,6921.0,6922.5,6920.75,6921.75,424.0
2026-01-05 11:50:00+00:00,6921.75,6923.5,6921.75,6922.25,1055.0
2026-01-05 11:55:00+00:00,6922.5,6923.25,6921.75,6922.0,488.0
2026-01-05 12:00:00+00:00,6922.25,6925.75,6920.5,6920.75,2050.0
2026-01-05 12:05:00+00:00,6920.75,6924.0,6920.0,6923.25,1108.0
2026-01-05 12:10:00+00:00,6923.25,6924.0,6922.75,6922.75,338.0
2026-01-05 12:15:00+00:00,6922.75,6924.0,6922.5,6924.0,590.0
2026-01-05 12:20:00+00:00,6924.0,6925.25,6922.0,6922.5,611.0
2026-01-05 12:25:00+00:00,6922.25,6922.5,6919.5,6920.25,812.0
2026-01-05 12:30:00+00:00,6920.5,6922.5,6919.0,6921.75,1039.0
2026-01-05 12:35:00+00:00,6922.0,6923.75,6921.75,6923.5,684.0
2026-01-05 12:40:00+00:00,6923.5,6923.5,6918.0,6919.0,1292.0
2026-01-05 12:45:00+00:00,6919.25,6921.0,6917.75,6921.0,997.0
2026-01-05 12:50:00+00:00,6921.0,6922.0,6919.0,6921.5,997.0
2026-01-05 12:55:00+00:00,6921.0,6922.5,6920.5,6921.0,635.0
2026-01-05 13:00:00+00:00,6921.0,6922.75,6920.0,6920.5,1927.0
2026-01-05 13:05:00+00:00,6920.75,6920.75,6917.0,6917.25,1498.0
2026-01-05 13:10:00+00:00,6917.25,6922.0,6916.75,6919.5,1644.0
2026-01-05 13:15:00+00:00,6919.5,6919.75,6917.0,6917.0,1024.0
2026-01-05 13:20:00+00:00,6917.25,6917.25,6912.5,6913.0,3057.0
2026-01-05 13:25:00+00:00,6913.0,6915.75,6912.25,6914.0,1940.0
2026-01-05 13:30:00+00:00,6913.75,6918.75,6913.75,6918.75,1922.0
2026-01-05 13:35:00+00:00,6919.0,6919.75,6917.25,6918.25,1294.0
2026-01-05 13:40:00+00:00,6918.25,6919.0,6915.75,6918.25,1546.0
2026-01-05 13:45:00+00:00,6918.25,6921.5,6918.0,6920.75,1583.0
2026-01-05 13:50:00+00:00,6920.75,6921.5,6919.5,6921.5,1217.0
2026-01-05 13:55:00+00:00,6921.5,6925.75,6921.0,6923.0,3417.0
2026-01-05 14:00:00+00:00,6922.75,6930.75,6922.5,6930.75,5284.0
2026-01-05 14:05:00+00:00,6930.75,6930.75,6925.5,6926.5,3305.0
2026-01-05 14:10:00+00:00,6926.75,6930.0,6926.5,6929.25,2000.0
2026-01-05 14:15:00+00:00,6929.5,6932.25,6928.75,6932.0,2439.0
2026-01-05 14:20:00+00:00,6932.0,6933.0,6929.75,6932.25,3033.0
2026-01-05 14:25:00+00:00,6932.5,6935.75,6930.25,6934.25,7460.0
2026-01-05 14:30:00+00:00,6934.25,6945.5,6932.5,6939.5,37130.0
2026-01-05 14:35:00+00:00,6939.5,6941.5,6934.25,6938.5,24702.0
2026-01-05 14:40:00+00:00,6938.75,6944.25,6935.25,6942.5,19915.0
2026-01-05 14:45:00+00:00,6942.75,6947.75,6937.25,6940.25,30754.0
2026-01-05 14:50:00+00:00,6940.25,6942.0,6933.75,6938.25,22550.0
2026-01-05 14:55:00+00:00,6938.5,6942.25,6935.5,6939.75,17132.0
2026-01-05 15:00:00+00:00,6939.75,6947.0,6935.0,6945.25,21135.0
2026-01-05 15:05:00+00:00,6945.5,6948.75,6940.5,6945.75,18909.0
2026-01-05 15:10:00+00:00,6945.75,6947.25,6941.25,6944.75,12116.0
2026-01-05 15:15:00+00:00,6945.0,6948.0,6941.5,6948.0,12881.0
2026-01-05 15:20:00+00:00,6947.75,6950.25,6945.5,6950.0,14334.0
2026-01-05 15:25:00+00:00,6949.75,6955.25,6945.75,6954.25,21053.0
2026-01-05 15:30:00+00:00,6954.0,6957.25,6953.0,6955.5,12982.0
2026-01-05 15:35:00+00:00,6955.25,6955.75,6948.5,6949.5,15402.0
2026-01-05 15:40:00+00:00,6949.75,6952.75,6948.5,6949.5,11151.0
2026-01-05 15:45:00+00:00,6949.5,6954.0,6949.5,6952.75,8618.0
2026-01-05 15:50:00+00:00,6952.5,6953.5,6949.5,6950.5,8662.0
2026-01-05 15:55:00+00:00,6950.5,6955.0,6949.25,6952.25,10256.0
2026-01-05 16:00:00+00:00,6952.25,6953.0,6949.0,6950.75,9963.0
2026-01-05 16:05:00+00:00,6950.75,6954.5,6949.5,6954.0,7763.0
2026-01-05 16:10:00+00:00,6954.25,6956.0,6952.25,6952.5,8997.0
2026-01-05 16:15:00+00:00,6952.5,6954.75,6951.0,6951.5,6042.0
2026-01-05 16:20:00+00:00,6951.25,6957.25,6951.25,6957.0,8151.0
2026-01-05 16:25:00+00:00,6956.5,6957.75,6954.0,6955.25,7002.0
2026-01-05 16:30:00+00:00,6955.0,6957.75,6953.25,6953.5,6919.0
2026-01-05 16:35:00+00:00,6953.5,6958.5,6953.0,6957.5,7622.0
2026-01-05 16:40:00+00:00,6957.5,6958.25,6955.25,6957.5,6312.0
2026-01-05 16:45:00+00:00,6957.5,6961.75,6957.0,6961.25,8575.0
2026-01-05 16:50:00+00:00,6961.5,6963.5,6959.0,6959.75,10843.0
2026-01-05 16:55:00+00:00,6959.5,6960.0,6956.5,6957.75,7549.0
2026-01-05 17:00:00+00:00,6958.0,6960.25,6957.75,6959.5,6204.0
2026-01-05 17:05:00+00:00,6959.75,6960.0,6957.0,6957.75,5985.0
2026-01-05 17:10:00+00:00,6957.5,6959.25,6956.5,6958.5,5091.0
2026-01-05 17:15:00+00:00,6958.5,6959.25,6954.75,6955.75,8051.0
2026-01-05 17:20:00+00:00,6955.5,6955.75,6952.75,6954.0,7648.0
2026-01-05 17:25:00+00:00,6954.0,6954.25,6950.75,6952.25,9294.0
2026-01-05 17:30:00+00:00,6952.25,6954.25,6950.75,6951.5,7747.0
2026-01-05 17:35:00+00:00,6951.75,6955.0,6951.25,6954.25,6106.0
2026-01-05 17:40:00+00:00,6954.0,6955.0,6951.75,6952.5,4449.0
2026-01-05 17:45:00+00:00,6952.25,6956.75,6952.0,6955.5,6546.0
2026-01-05 17:50:00+00:00,6955.5,6955.75,6951.75,6953.5,5560.0
2026-01-05 17:55:00+00:00,6953.25,6955.25,6951.75,6954.5,3929.0
2026-01-05 18:00:00+00:00,6954.5,6956.5,6953.5,6955.25,4494.0
2026-01-05 18:05:00+00:00,6955.25,6955.5,6949.5,6952.5,7796.0
2026-01-05 18:10:00+00:00,6952.5,6954.0,6952.0,6953.0,3977.0
2026-01-05 18:15:00+00:00,6952.75,6952.75,6945.0,6948.75,14621.0
2026-01-05 18:20:00+00:00,6949.0,6951.25,6946.5,6951.0,8734.0
2026-01-05 18:25:00+00:00,6951.0,6953.25,6949.5,6952.5,6311.0
2026-01-05 18:30:00+00:00,6952.5,6954.75,6951.75,6953.75,5437.0
2026-01-05 18:35:00+00:00,6954.0,6954.5,6951.75,6953.75,4806.0
2026-01-05 18:40:00+00:00,6953.75,6955.5,6953.5,6954.75,4015.0
2026-01-05 18:45:00+00:00,6954.75,6956.75,6954.75,6955.0,3996.0
2026-01-05 18:50:00+00:00,6955.0,6955.75,6953.75,6955.25,3423.0
2026-01-05 18:55:00+00:00,6955.25,6955.25,6953.5,6954.25,2991.0
2026-01-05 19:00:00+00:00,6954.5,6956.25,6954.0,6955.0,4511.0
2026-01-05 19:05:00+00:00,6955.0,6955.0,6952.25,6953.0,4521.0
2026-01-05 19:10:00+00:00,6953.0,6953.25,6950.5,6951.5,6626.0
2026-01-05 19:15:00+00:00,6951.75,6952.75,6950.75,6952.0,2767.0
2026-01-05 19:20:00+00:00,6952.0,6952.5,6950.5,6950.75,2856.0
2026-01-05 19:25:00+00:00,6951.0,6952.5,6950.0,6950.75,3747.0
2026-01-05 19:30:00+00:00,6950.75,6951.75,6950.0,6950.5,3372.0
2026-01-05 19:35:00+00:00,6950.5,6950.75,6945.5,6947.0,6960.0
2026-01-05 19:40:00+00:00,6947.0,6947.0,6941.25,6945.25,13395.0
2026-01-05 19:45:00+00:00,6945.0,6948.75,6945.0,6946.75,7691.0
2026-01-05 19:50:00+00:00,6946.5,6946.75,6944.0,6944.75,5816.0
2026-01-05 19:55:00+00:00,6944.75,6947.25,6943.75,6944.5,4850.0
2026-01-05 20:00:00+00:00,6944.75,6946.0,6943.5,6944.5,5188.0
2026-01-05 20:05:00+00:00,6944.5,6948.75,6944.5,6948.5,5395.0
2026-01-05 20:10:00+00:00,6948.5,6951.0,6948.0,6950.0,6642.0
2026-01-05 20:15:00+00:00,6950.0,6951.0,6947.25,6948.25,4835.0
2026-01-05 20:20:00+00:00,6948.25,6948.75,6946.25,6948.0,4555.0
2026-01-05 20:25:00+00:00,6948.0,6948.75,6947.0,6948.25,3208.0
2026-01-05 20:30:00+00:00,6948.0,6949.75,6946.5,6947.75,4809.0
2026-01-05 20:35:00+00:00,6947.75,6949.5,6947.5,6948.5,2717.0
2026-01-05 20:40:00+00:00,6948.25,6948.5,6946.0,6946.25,3818.0
2026-01-05 20:45:00+00:00,6946.25,6948.75,6945.75,6946.5,4103.0
2026-01-05 20:50:00+00:00,6946.75,6948.75,6941.0,6941.5,13477.0
2026-01-05 20:55:00+00:00,6941.25,6946.5,6940.0,6946.25,29692.0
2026-01-05 21:00:00+00:00,6946.0,6946.5,6942.5,6946.0,5732.0
2026-01-05 21:05:00+00:00,6946.0,6946.25,6945.0,6945.25,1494.0
2026-01-05 21:10:00+00:00,6945.25,6945.25,6943.25,6944.25,1914.0
2026-01-05 21:15:00+00:00,6944.25,6945.25,6943.5,6944.5,827.0
2026-01-05 21:20:00+00:00,6944.5,6946.25,6944.25,6946.25,1314.0
2026-01-05 21:25:00+00:00,6946.0,6947.0,6945.5,6945.75,1083.0
2026-01-05 21:30:00+00:00,6946.0,6946.5,6944.75,6945.0,936.0
2026-01-05 21:35:00+00:00,6945.25,6945.75,6944.75,6944.75,360.0
2026-01-05 21:40:00+00:00,6944.75,6945.0,6943.5,6943.5,1064.0
2026-01-05 21:45:00+00:00,6943.5,6944.25,6943.25,6943.5,1084.0
2026-01-05 21:50:00+00:00,6943.25,6944.25,6943.25,6943.75,1097.0
2026-01-05 21:55:00+00:00,6943.75,6944.25,6943.25,6943.75,873.0
2026-01-05 23:00:00+00:00,6945.0,6948.0,6944.5,6946.25,1755.0
2026-01-05 23:05:00+00:00,6946.5,6947.0,6945.5,6946.75,412.0
2026-01-05 23:10:00+00:00,6946.75,6948.0,6945.75,6946.5,496.0
2026-01-05 23:15:00+00:00,6946.5,6946.5,6943.75,6945.75,691.0
2026-01-05 23:20:00+00:00,6945.75,6946.5,6944.5,6945.5,294.0
2026-01-05 23:25:00+00:00,6945.25,6946.75,6945.25,6946.0,326.0
2026-01-05 23:30:00+00:00,6946.25,6946.25,6941.5,6941.5,1086.0
2026-01-05 23:35:00+00:00,6941.75,6943.25,6941.5,6942.25,424.0
2026-01-05 23:40:00+00:00,6942.5,6943.5,6941.5,6943.0,577.0
2026-01-05 23:45:00+00:00,6943.0,6943.25,6942.0,6942.25,382.0
2026-01-05 23:50:00+00:00,6942.25,6942.5,6941.25,6941.5,365.0
2026-01-05 23:55:00+00:00,6941.75,6942.5,6941.5,6942.0,257.0
2026-01-06 00:00:00+00:00,6941.75,6944.75,6941.75,6943.75,989.0
2026-01-06 00:05:00+00:00,6944.0,6944.75,6941.25,6941.5,583.0
2026-01-06 00:10:00+00:00,6941.75,6942.25,6940.25,6940.5,584.0
2026-01-06 00:15:00+00:00,6940.5,6941.75,6940.5,6941.25,253.0
2026-01-06 00:20:00+00:00,6941.0,6943.25,6940.75,6942.5,513.0
2026-01-06 00:25:00+00:00,6942.5,6943.5,6941.75,6943.25,395.0
2026-01-06 00:30:00+00:00,6943.25,6943.75,6942.0,6942.25,379.0
2026-01-06 00:35:00+00:00,6942.0,6942.5,6940.0,6940.25,538.0
2026-01-06 00:40:00+00:00,6940.25,6940.75,6939.5,6940.75,524.0
2026-01-06 00:45:00+00:00,6940.75,6941.5,6940.5,6941.0,266.0
2026-01-06 00:50:00+00:00,6941.0,6941.5,6940.25,6941.5,171.0
2026-01-06 00:55:00+00:00,6941.5,6941.75,6940.75,6941.25,252.0
2026-01-06 01:00:00+00:00,6941.5,6943.0,6940.25,6942.25,728.0
2026-01-06 01:05:00+00:00,6942.25,6943.5,6941.5,6941.75,700.0
2026-01-06 01:10:00+00:00,6941.75,6944.5,6941.5,6942.75,825.0
2026-01-06 01:15:00+00:00,6943.0,6945.5,6942.0,6945.25,989.0
2026-01-06 01:20:00+00:00,6945.25,6947.0,6945.0,6946.5,917.0
2026-01-06 01:25:00+00:00,6946.75,6948.5,6946.5,6947.25,754.0
2026-01-06 01:30:00+00:00,6947.25,6948.5,6947.25,6948.0,507.0
2026-01-06 01:35:00+00:00,6948.0,6948.5,6947.25,6947.75,635.0
2026-01-06 01:40:00+00:00,6947.5,6948.75,6947.25,6947.25,448.0
2026-01-06 01:45:00+00:00,6947.5,6948.75,6947.25,6948.0,370.0
2026-01-06 01:50:00+00:00,6948.0,6948.5,6947.25,6948.0,229.0
2026-01-06 01:55:00+00:00,6948.25,6948.75,6947.75,6947.75,243.0
2026-01-06 02:00:00+00:00,6947.75,6949.0,6947.5,6948.5,539.0
2026-01-06 02:05:00+00:00,6948.0,6949.0,6947.25,6947.25,551.0
2026-01-06 02:10:00+00:00,6947.25,6947.75,6946.5,6946.5,542.0
2026-01-06 02:15:00+00:00,6946.5,6947.25,6946.25,6947.0,336.0
2026-01-06 02:20:00+00:00,6947.0,6948.5,6946.75,6948.25,462.0
2026-01-06 02:25:00+00:00,6948.25,6949.0,6948.0,6948.25,428.0
2026-01-06 02:30:00+00:00,6948.5,6949.5,6947.5,6947.75,679.0
2026-01-06 02:35:00+00:00,6947.75,6950.25,6947.5,6950.0,684.0
2026-01-06 02:40:00+00:00,6950.0,6950.5,6949.5,6949.75,406.0
2026-01-06 02:45:00+00:00,6950.0,6951.25,6949.25,6951.0,704.0
2026-01-06 02:50:00+00:00,6951.0,6951.5,6950.5,6950.75,389.0
2026-01-06 02:55:00+00:00,6951.0,6951.5,6950.5,6951.25,244.0
2026-01-06 03:00:00+00:00,6951.25,6951.5,6950.5,6951.0,358.0
2026-01-06 03:05:00+00:00,6951.0,6951.25,6950.25,6950.5,282.0
2026-01-06 03:10:00+00:00,6950.5,6951.5,6950.0,6951.25,452.0
2026-01-06 03:15:00+00:00,6951.0,6951.5,6950.5,6950.5,200.0
2026-01-06 03:20:00+00:00,6950.5,6950.75,6950.0,6950.75,252.0
2026-01-06 03:25:00+00:00,6950.75,6951.0,6950.5,6950.75,224.0
2026-01-06 03:30:00+00:00,6951.0,6951.5,6950.5,6951.5,249.0
2026-01-06 03:35:00+00:00,6951.25,6952.0,6951.0,6951.5,288.0
2026-01-06 03:40:00+00:00,6951.25,6952.0,6951.25,6951.75,166.0
2026-01-06 03:45:00+00:00,6951.5,6951.75,6950.0,6950.5,316.0
2026-01-06 03:50:00+00:00,6950.5,6950.75,6950.25,6950.25,262.0
2026-01-06 03:55:00+00:00,6950.5,6951.5,6950.5,6951.0,153.0
2026-01-06 04:00:00+00:00,6951.0,6953.5,6950.75,6952.0,843.0
2026-01-06 04:05:00+00:00,6952.25,6953.25,6952.0,6952.75,258.0
2026-01-06 04:10:00+00:00,6953.0,6954.0,6953.0,6953.25,703.0
2026-01-06 04:15:00+00:00,6953.5,6953.75,6952.75,6953.5,268.0
2026-01-06 04:20:00+00:00,6953.25,6953.75,6953.0,6953.25,148.0
2026-01-06 04:25:00+00:00,6953.5,6954.0,6953.25,6954.0,158.0
2026-01-06 04:30:00+00:00,6953.75,6954.75,6953.0,6953.25,818.0
2026-01-06 04:35:00+00:00,6953.0,6953.75,6952.5,6953.5,377.0
2026-01-06 04:40:00+00:00,6953.5,6953.75,6952.75,6953.5,133.0
2026-01-06 04:45:00+00:00,6953.25,6953.75,6952.75,6953.75,105.0
2026-01-06 04:50:00+00:00,6953.5,6953.5,6952.5,6953.25,138.0
2026-01-06 04:55:00+00:00,6953.5,6954.25,6953.25,6954.0,259.0
2026-01-06 05:00:00+00:00,6954.0,6954.75,6953.5,6953.5,405.0
2026-01-06 05:05:00+00:00,6953.25,6953.75,6953.0,6953.25,140.0
2026-01-06 05:10:00+00:00,6953.5,6954.75,6953.25,6954.5,256.0
2026-01-06 05:15:00+00:00,6954.75,6955.0,6954.25,6954.5,372.0
2026-01-06 05:20:00+00:00,6954.5,6955.0,6954.25,6954.25,245.0
2026-01-06 05:25:00+00:00,6954.25,6954.25,6953.25,6953.75,273.0
2026-01-06 05:30:00+00:00,6953.75,6954.25,6953.5,6953.75,237.0
2026-01-06 05:35:00+00:00,6953.5,6953.75,6953.25,6953.75,205.0
2026-01-06 05:40:00+00:00,6953.75,6953.75,6953.0,6953.0,192.0
2026-01-06 05:45:00+00:00,6952.75,6953.5,6952.5,6953.0,250.0
2026-01-06 05:50:00+00:00,6953.0,6953.5,6952.75,6953.0,115.0
2026-01-06 05:55:00+00:00,6953.0,6953.25,6952.75,6953.0,222.0
2026-01-06 06:00:00+00:00,6953.0,6954.5,6952.75,6954.5,360.0
2026-01-06 06:05:00+00:00,6954.5,6955.0,6954.25,6955.0,309.0
2026-01-06 06:10:00+00:00,6954.75,6955.0,6954.0,6954.25,84.0
2026-01-06 06:15:00+00:00,6954.25,6955.25,6954.25,6955.0,475.0
2026-01-06 06:20:00+00:00,6955.25,6956.25,6954.5,6956.0,570.0
2026-01-06 06:25:00+00:00,6956.0,6956.25,6954.75,6955.0,301.0
2026-01-06 06:30:00+00:00,6955.0,6957.75,6955.0,6957.75,1002.0
2026-01-06 06:35:00+00:00,6957.75,6957.75,6956.5,6957.75,384.0
2026-01-06 06:40:00+00:00,6958.0,6958.75,6957.5,6958.5,406.0
2026-01-06 06:45:00+00:00,6958.5,6958.75,6956.75,6957.25,312.0
2026-01-06 06:50:00+00:00,6957.25,6957.5,6956.75,6957.25,143.0
2026-01-06 06:55:00+00:00,6957.25,6957.75,6957.0,6957.25,85.0
2026-01-06 07:00:00+00:00,6957.0,6957.25,6954.5,6955.25,617.0
2026-01-06 07:05:00+00:00,6955.25,6956.0,6955.25,6956.0,283.0
2026-01-06 07:10:00+00:00,6956.0,6956.0,6955.0,6955.5,373.0
2026-01-06 07:15:00+00:00,6955.5,6955.5,6953.25,6953.5,446.0
2026-01-06 07:20:00+00:00,6953.5,6954.5,6953.25,6953.75,273.0
2026-01-06 07:25:00+00:00,6953.75,6954.5,6953.5,6954.0,184.0
2026-01-06 07:30:00+00:00,6954.25,6955.0,6954.25,6955.0,144.0
2026-01-06 07:35:00+00:00,6955.0,6955.0,6953.0,6953.5,333.0
2026-01-06 07:40:00+00:00,6953.75,6953.75,6952.75,6953.0,242.0
2026-01-06 07:45:00+00:00,6952.75,6953.0,6951.75,6952.75,366.0
2026-01-06 07:50:00+00:00,6953.0,6953.0,6952.25,6953.0,193.0
2026-01-06 07:55:00+00:00,6952.75,6953.25,6952.5,6953.25,203.0
2026-01-06 08:00:00+00:00,6953.25,6953.25,6946.5,6948.0,2140.0
2026-01-06 08:05:00+00:00,6947.5,6949.75,6946.5,6946.5,969.0
2026-01-06 08:10:00+00:00,6946.5,6946.75,6940.25,6941.0,2257.0
2026-01-06 08:15:00+00:00,6940.75,6942.0,6938.5,6940.5,2450.0
2026-01-06 08:20:00+00:00,6940.75,6941.75,6936.25,6936.5,1955.0
2026-01-06 08:25:00+00:00,6936.5,6937.25,6934.5,6935.5,1962.0
2026-01-06 08:30:00+00:00,6935.5,6936.5,6931.0,6932.5,3708.0
2026-01-06 08:35:00+00:00,6932.5,6936.5,6932.0,6934.25,1443.0
2026-01-06 08:40:00+00:00,6934.0,6936.25,6933.25,6935.0,1035.0
2026-01-06 08:45:00+00:00,6935.25,6936.5,6933.75,6935.0,754.0
2026-01-06 08:50:00+00:00,6935.0,6937.75,6934.25,6937.5,961.0
2026-01-06 08:55:00+00:00,6937.5,6938.0,6936.75,6937.0,676.0
2026-01-06 09:00:00+00:00,6937.0,6938.75,6936.0,6937.25,1593.0
2026-01-06 09:05:00+00:00,6937.5,6938.75,6936.0,6938.0,947.0
2026-01-06 09:10:00+00:00,6938.0,6940.25,6937.5,6939.25,1128.0
2026-01-06 09:15:00+00:00,6939.25,6941.25,6937.75,6938.75,951.0
2026-01-06 09:20:00+00:00,6938.75,6939.0,6936.5,6938.0,887.0
2026-01-06 09:25:00+00:00,6937.75,6938.75,6936.5,6937.75,398.0
2026-01-06 09:30:00+00:00,6937.0,6938.5,6935.75,6936.75,681.0
2026-01-06 09:35:00+00:00,6937.0,6939.5,6936.75,6938.5,784.0
2026-01-06 09:40:00+00:00,6939.0,6940.75,6938.75,6940.5,786.0
2026-01-06 09:45:00+00:00,6940.75,6940.75,6938.5,6940.25,436.0
2026-01-06 09:50:00+00:00,6940.0,6944.5,6938.75,6941.0,3834.0
2026-01-06 09:55:00+00:00,6941.0,6942.25,6939.25,6939.25,1040.0
2026-01-06 10:00:00+00:00,6939.5,6940.0,6938.75,6939.25,786.0
2026-01-06 10:05:00+00:00,6939.0,6940.75,6938.5,6940.25,526.0
2026-01-06 10:10:00+00:00,6940.25,6941.75,6939.5,6939.75,621.0
2026-01-06 10:15:00+00:00,6940.0,6940.25,6939.0,6939.0,436.0
2026-01-06 10:20:00+00:00,6939.0,6939.75,6938.25,6939.5,492.0
2026-01-06 10:25:00+00:00,6939.25,6940.25,6939.0,6939.5,463.0
2026-01-06 10:30:00+00:00,6939.5,6941.25,6939.0,6940.25,354.0
2026-01-06 10:35:00+00:00,6940.25,6941.5,6940.0,6941.0,466.0
2026-01-06 10:40:00+00:00,6941.25,6941.75,6940.5,6941.0,366.0
2026-01-06 10:45:00+00:00,6941.25,6942.0,6940.0,6940.25,566.0
2026-01-06 10:50:00+00:00,6940.0,6942.0,6939.5,6941.75,407.0
2026-01-06 10:55:00+00:00,6941.75,6941.75,6940.25,6940.25,287.0
2026-01-06 11:00:00+00:00,6940.5,6942.0,6940.25,6941.5,426.0
2026-01-06 11:05:00+00:00,6941.75,6942.0,6940.5,6941.5,361.0
2026-01-06 11:10:00+00:00,6941.75,6942.5,6941.25,6941.5,535.0
2026-01-06 11:15:00+00:00,6941.25,6941.5,6940.0,6941.5,534.0
2026-01-06 11:20:00+00:00,6941.75,6942.75,6941.0,6942.0,500.0
2026-01-06 11:25:00+00:00,6942.0,6942.0,6940.75,6940.75,322.0
2026-01-06 11:30:00+00:00,6940.75,6941.5,6940.5,6941.0,224.0
2026-01-06 11:35:00+00:00,6941.0,6941.25,6939.75,6940.25,341.0
2026-01-06 11:40:00+00:00,6940.5,6941.0,6939.5,6940.5,503.0
2026-01-06 11:45:00+00:00,6940.5,6941.0,6939.0,6939.25,485.0
2026-01-06 11:50:00+00:00,6939.25,6941.5,6939.25,6940.75,551.0
2026-01-06 11:55:00+00:00,6941.0,6942.5,6940.0,6940.0,705.0
2026-01-06 12:00:00+00:00,6940.0,6941.25,6939.0,6940.0,1137.0
2026-01-06 12:05:00+00:00,6939.75,6941.75,6939.75,6941.25,384.0
2026-01-06 12:10:00+00:00,6941.25,6943.75,6941.0,6943.25,732.0
2026-01-06 12:15:00+00:00,6943.0,6944.25,6942.75,6943.25,738.0
2026-01-06 12:20:00+00:00,6942.75,6944.0,6942.5,6943.25,440.0
2026-01-06 12:25:00+00:00,6943.5,6944.0,6943.0,6943.75,304.0
2026-01-06 12:30:00+00:00,6943.75,6944.25,6942.5,6943.25,789.0
2026-01-06 12:35:00+00:00,6943.0,6944.25,6943.0,6943.75,568.0
2026-01-06 12:40:00+00:00,6943.75,6947.5,6943.75,6946.75,1960.0
2026-01-06 12:45:00+00:00,6947.0,6948.0,6946.25,6947.75,1230.0
2026-01-06 12:50:00+00:00,6947.5,6947.75,6946.25,6946.75,825.0
2026-01-06 12:55:00+00:00,6946.75,6949.25,6946.5,6948.0,1368.0
2026-01-06 13:00:00+00:00,6947.75,6949.25,6947.25,6948.25,1417.0
2026-01-06 13:05:00+00:00,6948.25,6948.25,6946.0,6946.5,1119.0
2026-01-06 13:10:00+00:00,6946.5,6948.25,6944.5,6946.75,2032.0
2026-01-06 13:15:00+00:00,6946.75,6949.0,6946.0,6946.25,943.0
2026-01-06 13:20:00+00:00,6946.0,6947.0,6945.25,6946.5,588.0
2026-01-06 13:25:00+00:00,6946.5,6947.0,6943.75,6944.75,1069.0
2026-01-06 13:30:00+00:00,6944.5,6946.75,6944.0,6946.0,1252.0
2026-01-06 13:35:00+00:00,6946.25,6947.25,6944.75,6945.75,768.0
2026-01-06 13:40:00+00:00,6946.0,6946.5,6944.75,6944.75,700.0
2026-01-06 13:45:00+00:00,6944.75,6945.0,6942.0,6942.75,2028.0
2026-01-06 13:50:00+00:00,6942.75,6943.25,6938.75,6942.75,4131.0
2026-01-06 13:55:00+00:00,6942.75,6945.25,6942.5,6943.75,1993.0
2026-01-06 14:00:00+00:00,6943.75,6944.0,6939.75,6942.0,3469.0
2026-01-06 14:05:00+00:00,6941.75,6943.0,6940.5,6940.75,1634.0
2026-01-06 14:10:00+00:00,6940.75,6942.75,6940.5,6942.25,1672.0
2026-01-06 14:15:00+00:00,6942.5,6943.5,6941.25,6942.5,1801.0
2026-01-06 14:20:00+00:00,6942.25,6943.75,6941.75,6942.75,1400.0
2026-01-06 14:25:00+00:00,6942.75,6946.75,6942.75,6946.75,5215.0
2026-01-06 14:30:00+00:00,6946.75,6954.25,6946.25,6951.25,30106.0
2026-01-06 14:35:00+00:00,6951.5,6952.25,6947.5,6949.0,18217.0
2026-01-06 14:40:00+00:00,6949.5,6953.0,6945.25,6952.75,19021.0
2026-01-06 14:45:00+00:00,6952.75,6962.5,6952.5,6960.5,26830.0
2026-01-06 14:50:00+00:00,6960.5,6967.0,6960.0,6965.5,20684.0
2026-01-06 14:55:00+00:00,6965.5,6970.0,6964.5,6969.0,14779.0
2026-01-06 15:00:00+00:00,6969.25,6972.25,6968.0,6969.75,16466.0
2026-01-06 15:05:00+00:00,6969.75,6974.5,6969.25,6970.25,13203.0
2026-01-06 15:10:00+00:00,6970.5,6975.25,6969.5,6974.75,10563.0
2026-01-06 15:15:00+00:00,6974.75,6975.5,6971.0,6973.5,10236.0
2026-01-06 15:20:00+00:00,6973.5,6975.25,6969.5,6973.75,11106.0
2026-01-06 15:25:00+00:00,6973.75,6977.25,6973.25,6975.0,9712.0
2026-01-06 15:30:00+00:00,6975.0,6975.0,6968.75,6969.5,10306.0
2026-01-06 15:35:00+00:00,6969.25,6970.5,6966.0,6967.0,14003.0
2026-01-06 15:40:00+00:00,6966.75,6969.5,6965.0,6965.75,12330.0
2026-01-06 15:45:00+00:00,6965.75,6968.25,6963.75,6966.5,10976.0
2026-01-06 15:50:00+00:00,6966.5,6967.75,6957.5,6960.0,18755.0
2026-01-06 15:55:00+00:00,6960.0,6960.0,6954.5,6959.0,15248.0
2026-01-06 16:00:00+00:00,6959.0,6959.0,6953.25,6954.25,12076.0
2026-01-06 16:05:00+00:00,6954.0,6956.75,6950.25,6956.25,15950.0
2026-01-06 16:10:00+00:00,6956.25,6958.75,6955.0,6956.0,11556.0
2026-01-06 16:15:00+00:00,6956.25,6958.75,6954.75,6958.0,7226.0
2026-01-06 16:20:00+00:00,6958.0,6962.75,6955.75,6961.75,10338.0
2026-01-06 16:25:00+00:00,6961.5,6962.0,6956.5,6958.25,8132.0
2026-01-06 16:30:00+00:00,6958.25,6961.25,6957.5,6961.25,6907.0
2026-01-06 16:35:00+00:00,6961.25,6961.25,6955.5,6959.75,7766.0
2026-01-06 16:40:00+00:00,6959.75,6960.0,6953.5,6955.25,11025.0
2026-01-06 16:45:00+00:00,6955.0,6961.5,6954.75,6961.25,6946.0
2026-01-06 16:50:00+00:00,6961.0,6963.0,6960.0,6961.0,5803.0
2026-01-06 16:55:00+00:00,6960.75,6962.25,6957.25,6961.75,6959.0
2026-01-06 17:00:00+00:00,6961.75,6962.25,6959.0,6961.25,4673.0
2026-01-06 17:05:00+00:00,6961.5,6966.5,6961.25,6966.0,10402.0
2026-01-06 17:10:00+00:00,6966.0,6967.5,6965.0,6966.0,5158.0
2026-01-06 17:15:00+00:00,6966.25,6969.25,6966.0,6968.0,5213.0
2026-01-06 17:20:00+00:00,6968.0,6973.0,6968.0,6971.5,8207.0
2026-01-06 17:25:00+00:00,6971.75,6974.0,6971.0,6971.5,6754.0
2026-01-06 17:30:00+00:00,6971.75,6975.5,6971.25,6975.5,6509.0
2026-01-06 17:35:00+00:00,6975.25,6979.0,6974.75,6976.0,9747.0
2026-01-06 17:40:00+00:00,6976.25,6976.75,6974.0,6975.75,5786.0
2026-01-06 17:45:00+00:00,6976.0,6977.5,6974.0,6976.0,4285.0
2026-01-06 17:50:00+00:00,6975.75,6978.0,6975.25,6977.0,3094.0
2026-01-06 17:55:00+00:00,6977.0,6978.5,6976.25,6977.5,3158.0
2026-01-06 18:00:00+00:00,6977.75,6978.0,6974.75,6975.75,4597.0
2026-01-06 18:05:00+00:00,6975.75,6976.5,6973.5,6976.25,5065.0
2026-01-06 18:10:00+00:00,6976.0,6977.75,6975.75,6977.5,2595.0
2026-01-06 18:15:00+00:00,6977.5,6980.25,6977.25,6979.25,6476.0
2026-01-06 18:20:00+00:00,6979.5,6979.75,6977.25,6978.75,3794.0
2026-01-06 18:25:00+00:00,6978.5,6979.0,6976.25,6977.0,3557.0
2026-01-06 18:30:00+00:00,6977.0,6978.5,6974.5,6975.5,4811.0
2026-01-06 18:35:00+00:00,6975.5,6978.75,6975.5,6978.25,3310.0
2026-01-06 18:40:00+00:00,6978.25,6982.75,6978.25,6981.75,7375.0
2026-01-06 18:45:00+00:00,6981.75,6985.0,6981.75,6984.0,8625.0
2026-01-06 18:50:00+00:00,6984.0,6985.0,6983.25,6983.75,4356.0
2026-01-06 18:55:00+00:00,6983.75,6985.75,6983.25,6985.5,3332.0
2026-01-06 19:00:00+00:00,6985.5,6987.0,6984.75,6985.25,5453.0
2026-01-06 19:05:00+00:00,6985.5,6986.75,6985.0,6986.25,2629.0
2026-01-06 19:10:00+00:00,6986.0,6989.5,6986.0,6988.75,5851.0
2026-01-06 19:15:00+00:00,6989.0,6989.25,6987.5,6988.5,3804.0
2026-01-06 19:20:00+00:00,6988.5,6990.0,6987.75,6989.0,3479.0
2026-01-06 19:25:00+00:00,6989.25,6989.5,6987.25,6987.5,2597.0
2026-01-06 19:30:00+00:00,6987.5,6989.0,6987.25,6988.5,2949.0
2026-01-06 19:35:00+00:00,6988.5,6989.0,6987.0,6987.5,2369.0
2026-01-06 19:40:00+00:00,6987.5,6990.0,6987.5,6989.0,3142.0
2026-01-06 19:45:00+00:00,6989.0,6989.75,6988.0,6988.5,2394.0
2026-01-06 19:50:00+00:00,6988.25,6988.5,6986.25,6986.5,3386.0
2026-01-06 19:55:00+00:00,6986.5,6987.5,6986.25,6986.75,3328.0
2026-01-06 20:00:00+00:00,6986.75,6990.25,6986.25,6989.25,5169.0
2026-01-06 20:05:00+00:00,6989.25,6990.0,6987.75,6988.25,2529.0
2026-01-06 20:10:00+00:00,6988.25,6989.5,6987.25,6989.0,2631.0
2026-01-06 20:15:00+00:00,6988.75,6990.75,6987.75,6988.5,3526.0
2026-01-06 20:20:00+00:00,6988.25,6989.0,6987.75,6988.0,1653.0
2026-01-06 20:25:00+00:00,6987.75,6988.5,6987.5,6988.0,1959.0
2026-01-06 20:30:00+00:00,6987.75,6988.5,6987.5,6988.25,1988.0
2026-01-06 20:35:00+00:00,6988.0,6990.5,6987.25,6990.0,4151.0
2026-01-06 20:40:00+00:00,6990.0,6991.25,6988.5,6989.0,3974.0
2026-01-06 20:45:00+00:00,6988.75,6989.75,6988.25,6989.0,2542.0
2026-01-06 20:50:00+00:00,6989.0,6991.25,6987.75,6990.5,9413.0
2026-01-06 20:55:00+00:00,6990.5,6991.75,6986.25,6986.25,17795.0
2026-01-06 21:00:00+00:00,6986.25,6989.25,6986.0,6987.75,6260.0
2026-01-06 21:05:00+00:00,6987.75,6988.25,6986.5,6987.5,2190.0
2026-01-06 21:10:00+00:00,6987.5,6988.25,6987.0,6987.0,1194.0
2026-01-06 21:15:00+00:00,6987.0,6988.25,6987.0,6988.0,1053.0
2026-01-06 21:20:00+00:00,6988.0,6988.0,6986.75,6987.25,820.0
2026-01-06 21:25:00+00:00,6987.5,6987.5,6987.0,6987.25,338.0
2026-01-06 21:30:00+00:00,6987.25,6987.25,6986.25,6987.25,897.0
2026-01-06 21:35:00+00:00,6987.5,6988.25,6987.0,6987.75,819.0
2026-01-06 21:40:00+00:00,6987.5,6988.75,6987.25,6988.5,929.0
2026-01-06 21:45:00+00:00,6988.25,6988.75,6988.0,6988.5,1157.0
2026-01-06 21:50:00+00:00,6988.5,6989.25,6988.25,6988.5,1084.0
2026-01-06 21:55:00+00:00,6988.5,6989.25,6988.25,6988.5,1508.0
2026-01-06 23:00:00+00:00,6989.0,6991.75,6986.75,6990.25,1816.0
2026-01-06 23:05:00+00:00,6990.0,6990.5,6988.25,6989.75,619.0
2026-01-06 23:10:00+00:00,6989.75,6990.5,6988.25,6988.75,383.0
2026-01-06 23:15:00+00:00,6988.5,6989.0,6988.25,6988.5,271.0
2026-01-06 23:20:00+00:00,6988.5,6988.5,6987.0,6988.5,434.0
2026-01-06 23:25:00+00:00,6988.25,6988.5,6987.25,6988.25,382.0
2026-01-06 23:30:00+00:00,6988.0,6988.25,6986.75,6987.0,324.0
2026-01-06 23:35:00+00:00,6987.25,6987.75,6986.5,6986.75,507.0
2026-01-06 23:40:00+00:00,6986.75,6987.25,6986.25,6986.75,317.0
2026-01-06 23:45:00+00:00,6986.75,6988.5,6986.5,6987.0,534.0
2026-01-06 23:50:00+00:00,6986.75,6988.5,6986.75,6988.25,331.0
2026-01-06 23:55:00+00:00,6988.25,6988.5,6986.75,6986.75,448.0
